PRODUCTCODE,PRODUCTNAME,PRODUCTLINE,MSRP
S10_1678,Street King,Motorcycles,95
S10_1678,Turbo Racer,Motorcycles,95
S10_1678,Retro Chopper,Motorcycles,95
S10_1678,Speedster Bike,Motorcycles,95
S10_1678,Heritage Touring,Motorcycles,95
S10_1678,Off-Road Adventurer,Motorcycles,95
S10_1678,Classic Cruiser,Motorcycles,95
S10_1678,Vintage Roadster,Motorcycles,95
S10_1949,Off-Road Adventurer,Classic Cars,214
S10_1949,Street King,Classic Cars,214
S10_1949,Speedster Bike,Classic Cars,214
S10_1949,Vintage Roadster,Classic Cars,214
S10_1949,Classic Cruiser,Classic Cars,214
S10_1949,Retro Chopper,Classic Cars,214
S10_1949,Turbo Racer,Classic Cars,214
S10_1949,Heritage Touring,Classic Cars,214
S10_2016,Off-Road Adventurer,Motorcycles,118
S10_2016,Retro Chopper,Motorcycles,118
S10_2016,Vintage Roadster,Motorcycles,118
S10_2016,Heritage Touring,Motorcycles,118
S10_2016,Street King,Motorcycles,118
S10_2016,Speedster Bike,Motorcycles,118
S10_2016,Turbo Racer,Motorcycles,118
S10_4698,Retro Chopper,Motorcycles,193
S10_4698,Heritage Touring,Motorcycles,193
S10_4698,Speedster Bike,Motorcycles,193
S10_4698,Street King,Motorcycles,193
S10_4698,Classic Cruiser,Motorcycles,193
S10_4698,Turbo Racer,Motorcycles,193
S10_4698,Vintage Roadster,Motorcycles,193
S10_4698,Off-Road Adventurer,Motorcycles,193
S10_4757,Street King,Classic Cars,136
S10_4757,Classic Cruiser,Classic Cars,136
S10_4757,Heritage Touring,Classic Cars,136
S10_4757,Turbo Racer,Classic Cars,136
S10_4757,Off-Road Adventurer,Classic Cars,136
S10_4757,Speedster Bike,Classic Cars,136
S10_4757,Retro Chopper,Classic Cars,136
S10_4757,Vintage Roadster,Classic Cars,136
S10_4962,Classic Cruiser,Classic Cars,147
S10_4962,Off-Road Adventurer,Classic Cars,147
S10_4962,Turbo Racer,Classic Cars,147
S10_4962,Vintage Roadster,Classic Cars,147
S10_4962,Street King,Classic Cars,147
S10_4962,Heritage Touring,Classic Cars,147
S10_4962,Speedster Bike,Classic Cars,147
S10_4962,Retro Chopper,Classic Cars,147
S12_1099,Retro Chopper,Classic Cars,194
S12_1099,Classic Cruiser,Classic Cars,194
S12_1099,Street King,Classic Cars,194
S12_1099,Off-Road Adventurer,Classic Cars,194
S12_1099,Speedster Bike,Classic Cars,194
S12_1099,Vintage Roadster,Classic Cars,194
S12_1099,Turbo Racer,Classic Cars,194
S12_1099,Heritage Touring,Classic Cars,194
S12_1108,Retro Chopper,Classic Cars,207
S12_1108,Speedster Bike,Classic Cars,207
S12_1108,Turbo Racer,Classic Cars,207
S12_1108,Street King,Classic Cars,207
S12_1108,Classic Cruiser,Classic Cars,207
S12_1108,Vintage Roadster,Classic Cars,207
S12_1108,Off-Road Adventurer,Classic Cars,207
S12_1108,Heritage Touring,Classic Cars,207
S12_1666,Heritage Touring,Trucks and Buses,136
S12_1666,Vintage Roadster,Trucks and Buses,136
S12_1666,Turbo Racer,Trucks and Buses,136
S12_1666,Retro Chopper,Trucks and Buses,136
S12_1666,Street King,Trucks and Buses,136
S12_1666,Speedster Bike,Trucks and Buses,136
S12_1666,Classic Cruiser,Trucks and Buses,136
S12_2823,Turbo Racer,Motorcycles,150
S12_2823,Classic Cruiser,Motorcycles,150
S12_2823,Heritage Touring,Motorcycles,150
S12_2823,Retro Chopper,Motorcycles,150
S12_2823,Street King,Motorcycles,150
S12_2823,Off-Road Adventurer,Motorcycles,150
S12_2823,Vintage Roadster,Motorcycles,150
S12_3148,Speedster Bike,Classic Cars,151
S12_3148,Off-Road Adventurer,Classic Cars,151
S12_3148,Turbo Racer,Classic Cars,151
S12_3148,Classic Cruiser,Classic Cars,151
S12_3148,Retro Chopper,Classic Cars,151
S12_3148,Heritage Touring,Classic Cars,151
S12_3148,Vintage Roadster,Classic Cars,151
S12_3380,Classic Cruiser,Classic Cars,117
S12_3380,Street King,Classic Cars,117
S12_3380,Heritage Touring,Classic Cars,117
S12_3380,Off-Road Adventurer,Classic Cars,117
S12_3380,Speedster Bike,Classic Cars,117
S12_3380,Turbo Racer,Classic Cars,117
S12_3380,Vintage Roadster,Classic Cars,117
S12_3891,Speedster Bike,Classic Cars,173
S12_3891,Turbo Racer,Classic Cars,173
S12_3891,Street King,Classic Cars,173
S12_3891,Heritage Touring,Classic Cars,173
S12_3891,Vintage Roadster,Classic Cars,173
S12_3891,Off-Road Adventurer,Classic Cars,173
S12_3891,Classic Cruiser,Classic Cars,173
S12_3891,Retro Chopper,Classic Cars,173
S12_3990,Retro Chopper,Classic Cars,79
S12_3990,Speedster Bike,Classic Cars,79
S12_3990,Heritage Touring,Classic Cars,79
S12_3990,Turbo Racer,Classic Cars,79
S12_3990,Off-Road Adventurer,Classic Cars,79
S12_3990,Classic Cruiser,Classic Cars,79
S12_3990,Street King,Classic Cars,79
S12_3990,Vintage Roadster,Classic Cars,79
S12_4473,Speedster Bike,Trucks and Buses,118
S12_4473,Off-Road Adventurer,Trucks and Buses,118
S12_4473,Vintage Roadster,Trucks and Buses,118
S12_4473,Street King,Trucks and Buses,118
S12_4473,Heritage Touring,Trucks and Buses,118
S12_4473,Classic Cruiser,Trucks and Buses,118
S12_4473,Retro Chopper,Trucks and Buses,118
S12_4473,Turbo Racer,Trucks and Buses,118
S12_4675,Street King,Classic Cars,115
S12_4675,Heritage Touring,Classic Cars,115
S12_4675,Retro Chopper,Classic Cars,115
S12_4675,Speedster Bike,Classic Cars,115
S12_4675,Classic Cruiser,Classic Cars,115
S12_4675,Turbo Racer,Classic Cars,115
S12_4675,Off-Road Adventurer,Classic Cars,115
S12_4675,Vintage Roadster,Classic Cars,115
S18_1097,Street King,Trucks and Buses,116
S18_1097,Off-Road Adventurer,Trucks and Buses,116
S18_1097,Speedster Bike,Trucks and Buses,116
S18_1097,Heritage Touring,Trucks and Buses,116
S18_1097,Turbo Racer,Trucks and Buses,116
S18_1097,Retro Chopper,Trucks and Buses,116
S18_1097,Classic Cruiser,Trucks and Buses,116
S18_1097,Vintage Roadster,Trucks and Buses,116
S18_1129,Classic Cruiser,Classic Cars,141
S18_1129,Retro Chopper,Classic Cars,141
S18_1129,Off-Road Adventurer,Classic Cars,141
S18_1129,Vintage Roadster,Classic Cars,141
S18_1129,Heritage Touring,Classic Cars,141
S18_1129,Turbo Racer,Classic Cars,141
S18_1129,Street King,Classic Cars,141
S18_1129,Speedster Bike,Classic Cars,141
S18_1342,Retro Chopper,Vintage Cars,102
S18_1342,Turbo Racer,Vintage Cars,102
S18_1342,Classic Cruiser,Vintage Cars,102
S18_1342,Street King,Vintage Cars,102
S18_1342,Heritage Touring,Vintage Cars,102
S18_1342,Off-Road Adventurer,Vintage Cars,102
S18_1342,Speedster Bike,Vintage Cars,102
S18_1342,Vintage Roadster,Vintage Cars,102
S18_1367,Vintage Roadster,Vintage Cars,53
S18_1367,Retro Chopper,Vintage Cars,53
S18_1367,Turbo Racer,Vintage Cars,53
S18_1367,Off-Road Adventurer,Vintage Cars,53
S18_1367,Speedster Bike,Vintage Cars,53
S18_1367,Classic Cruiser,Vintage Cars,53
S18_1367,Street King,Vintage Cars,53
S18_1367,Heritage Touring,Vintage Cars,53
S18_1589,Heritage Touring,Classic Cars,124
S18_1589,Turbo Racer,Classic Cars,124
S18_1589,Classic Cruiser,Classic Cars,124
S18_1589,Street King,Classic Cars,124
S18_1589,Speedster Bike,Classic Cars,124
S18_1589,Vintage Roadster,Classic Cars,124
S18_1589,Off-Road Adventurer,Classic Cars,124
S18_1662,Classic Cruiser,Planes,157
S18_1662,Off-Road Adventurer,Planes,157
S18_1662,Turbo Racer,Planes,157
S18_1662,Vintage Roadster,Planes,157
S18_1662,Retro Chopper,Planes,157
S18_1662,Heritage Touring,Planes,157
S18_1662,Speedster Bike,Planes,157
S18_1749,Street King,Vintage Cars,170
S18_1749,Heritage Touring,Vintage Cars,170
S18_1749,Turbo Racer,Vintage Cars,170
S18_1749,Vintage Roadster,Vintage Cars,170
S18_1749,Retro Chopper,Vintage Cars,170
S18_1749,Speedster Bike,Vintage Cars,170
S18_1749,Classic Cruiser,Vintage Cars,170
S18_1889,Retro Chopper,Classic Cars,77
S18_1889,Street King,Classic Cars,77
S18_1889,Speedster Bike,Classic Cars,77
S18_1889,Off-Road Adventurer,Classic Cars,77
S18_1889,Turbo Racer,Classic Cars,77
S18_1889,Classic Cruiser,Classic Cars,77
S18_1889,Vintage Roadster,Classic Cars,77
S18_1889,Heritage Touring,Classic Cars,77
S18_1984,Off-Road Adventurer,Classic Cars,142
S18_1984,Vintage Roadster,Classic Cars,142
S18_1984,Classic Cruiser,Classic Cars,142
S18_1984,Speedster Bike,Classic Cars,142
S18_1984,Heritage Touring,Classic Cars,142
S18_1984,Retro Chopper,Classic Cars,142
S18_1984,Turbo Racer,Classic Cars,142
S18_1984,Street King,Classic Cars,142
S18_2238,Turbo Racer,Classic Cars,163
S18_2238,Heritage Touring,Classic Cars,163
S18_2238,Street King,Classic Cars,163
S18_2238,Off-Road Adventurer,Classic Cars,163
S18_2238,Classic Cruiser,Classic Cars,163
S18_2238,Vintage Roadster,Classic Cars,163
S18_2238,Speedster Bike,Classic Cars,163
S18_2248,Street King,Vintage Cars,60
S18_2248,Retro Chopper,Vintage Cars,60
S18_2248,Vintage Roadster,Vintage Cars,60
S18_2248,Speedster Bike,Vintage Cars,60
S18_2248,Off-Road Adventurer,Vintage Cars,60
S18_2248,Heritage Touring,Vintage Cars,60
S18_2248,Classic Cruiser,Vintage Cars,60
S18_2319,Speedster Bike,Trucks and Buses,122
S18_2319,Off-Road Adventurer,Trucks and Buses,122
S18_2319,Heritage Touring,Trucks and Buses,122
S18_2319,Vintage Roadster,Trucks and Buses,122
S18_2319,Street King,Trucks and Buses,122
S18_2319,Turbo Racer,Trucks and Buses,122
S18_2319,Classic Cruiser,Trucks and Buses,122
S18_2325,Heritage Touring,Vintage Cars,127
S18_2325,Speedster Bike,Vintage Cars,127
S18_2325,Street King,Vintage Cars,127
S18_2325,Vintage Roadster,Vintage Cars,127
S18_2325,Off-Road Adventurer,Vintage Cars,127
S18_2325,Turbo Racer,Vintage Cars,127
S18_2325,Retro Chopper,Vintage Cars,127
S18_2325,Classic Cruiser,Vintage Cars,127
S18_2432,Off-Road Adventurer,Trucks and Buses,60
S18_2432,Retro Chopper,Trucks and Buses,60
S18_2432,Heritage Touring,Trucks and Buses,60
S18_2432,Street King,Trucks and Buses,60
S18_2432,Speedster Bike,Trucks and Buses,60
S18_2432,Vintage Roadster,Trucks and Buses,60
S18_2432,Classic Cruiser,Trucks and Buses,60
S18_2432,Turbo Racer,Trucks and Buses,60
S18_2581,Turbo Racer,Planes,84
S18_2581,Heritage Touring,Planes,84
S18_2581,Off-Road Adventurer,Planes,84
S18_2581,Classic Cruiser,Planes,84
S18_2581,Speedster Bike,Planes,84
S18_2581,Retro Chopper,Planes,84
S18_2581,Vintage Roadster,Planes,84
S18_2625,Retro Chopper,Motorcycles,60
S18_2625,Heritage Touring,Motorcycles,60
S18_2625,Classic Cruiser,Motorcycles,60
S18_2625,Off-Road Adventurer,Motorcycles,60
S18_2625,Street King,Motorcycles,60
S18_2625,Turbo Racer,Motorcycles,60
S18_2625,Vintage Roadster,Motorcycles,60
S18_2795,Vintage Roadster,Vintage Cars,168
S18_2795,Speedster Bike,Vintage Cars,168
S18_2795,Retro Chopper,Vintage Cars,168
S18_2795,Heritage Touring,Vintage Cars,168
S18_2795,Turbo Racer,Vintage Cars,168
S18_2795,Off-Road Adventurer,Vintage Cars,168
S18_2795,Street King,Vintage Cars,168
S18_2795,Classic Cruiser,Vintage Cars,168
S18_2870,Classic Cruiser,Classic Cars,132
S18_2870,Turbo Racer,Classic Cars,132
S18_2870,Off-Road Adventurer,Classic Cars,132
S18_2870,Heritage Touring,Classic Cars,132
S18_2870,Street King,Classic Cars,132
S18_2870,Speedster Bike,Classic Cars,132
S18_2870,Vintage Roadster,Classic Cars,132
S18_2870,Retro Chopper,Classic Cars,132
S18_2949,Off-Road Adventurer,Vintage Cars,101
S18_2949,Speedster Bike,Vintage Cars,101
S18_2949,Retro Chopper,Vintage Cars,101
S18_2949,Street King,Vintage Cars,101
S18_2949,Vintage Roadster,Vintage Cars,101
S18_2949,Heritage Touring,Vintage Cars,101
S18_2949,Turbo Racer,Vintage Cars,101
S18_2957,Vintage Roadster,Vintage Cars,62
S18_2957,Street King,Vintage Cars,62
S18_2957,Turbo Racer,Vintage Cars,62
S18_2957,Heritage Touring,Vintage Cars,62
S18_2957,Off-Road Adventurer,Vintage Cars,62
S18_2957,Classic Cruiser,Vintage Cars,62
S18_2957,Retro Chopper,Vintage Cars,62
S18_2957,Speedster Bike,Vintage Cars,62
S18_3029,Speedster Bike,Ships,86
S18_3029,Heritage Touring,Ships,86
S18_3029,Street King,Ships,86
S18_3029,Retro Chopper,Ships,86
S18_3029,Vintage Roadster,Ships,86
S18_3029,Turbo Racer,Ships,86
S18_3029,Off-Road Adventurer,Ships,86
S18_3029,Classic Cruiser,Ships,86
S18_3136,Turbo Racer,Vintage Cars,104
S18_3136,Street King,Vintage Cars,104
S18_3136,Speedster Bike,Vintage Cars,104
S18_3136,Classic Cruiser,Vintage Cars,104
S18_3136,Heritage Touring,Vintage Cars,104
S18_3136,Vintage Roadster,Vintage Cars,104
S18_3136,Retro Chopper,Vintage Cars,104
S18_3136,Off-Road Adventurer,Vintage Cars,104
S18_3140,Heritage Touring,Vintage Cars,136
S18_3140,Speedster Bike,Vintage Cars,136
S18_3140,Off-Road Adventurer,Vintage Cars,136
S18_3140,Street King,Vintage Cars,136
S18_3140,Classic Cruiser,Vintage Cars,136
S18_3140,Retro Chopper,Vintage Cars,136
S18_3140,Turbo Racer,Vintage Cars,136
S18_3140,Vintage Roadster,Vintage Cars,136
S18_3232,Speedster Bike,Classic Cars,169
S18_3232,Street King,Classic Cars,169
S18_3232,Retro Chopper,Classic Cars,169
S18_3232,Heritage Touring,Classic Cars,169
S18_3232,Turbo Racer,Classic Cars,169
S18_3232,Classic Cruiser,Classic Cars,169
S18_3232,Off-Road Adventurer,Classic Cars,169
S18_3232,Vintage Roadster,Classic Cars,169
S18_3259,Off-Road Adventurer,Trains,100
S18_3259,Turbo Racer,Trains,100
S18_3259,Vintage Roadster,Trains,100
S18_3259,Retro Chopper,Trains,100
S18_3259,Speedster Bike,Trains,100
S18_3259,Classic Cruiser,Trains,100
S18_3259,Street King,Trains,100
S18_3278,Speedster Bike,Classic Cars,80
S18_3278,Retro Chopper,Classic Cars,80
S18_3278,Turbo Racer,Classic Cars,80
S18_3278,Vintage Roadster,Classic Cars,80
S18_3278,Classic Cruiser,Classic Cars,80
S18_3278,Street King,Classic Cars,80
S18_3278,Off-Road Adventurer,Classic Cars,80
S18_3320,Street King,Vintage Cars,99
S18_3320,Vintage Roadster,Vintage Cars,99
S18_3320,Classic Cruiser,Vintage Cars,99
S18_3320,Heritage Touring,Vintage Cars,99
S18_3320,Off-Road Adventurer,Vintage Cars,99
S18_3320,Retro Chopper,Vintage Cars,99
S18_3320,Speedster Bike,Vintage Cars,99
S18_3320,Turbo Racer,Vintage Cars,99
S18_3482,Heritage Touring,Classic Cars,146
S18_3482,Classic Cruiser,Classic Cars,146
S18_3482,Turbo Racer,Classic Cars,146
S18_3482,Retro Chopper,Classic Cars,146
S18_3482,Off-Road Adventurer,Classic Cars,146
S18_3482,Speedster Bike,Classic Cars,146
S18_3482,Vintage Roadster,Classic Cars,146
S18_3482,Street King,Classic Cars,146
S18_3685,Heritage Touring,Classic Cars,141
S18_3685,Retro Chopper,Classic Cars,141
S18_3685,Off-Road Adventurer,Classic Cars,141
S18_3685,Turbo Racer,Classic Cars,141
S18_3685,Street King,Classic Cars,141
S18_3685,Vintage Roadster,Classic Cars,141
S18_3685,Classic Cruiser,Classic Cars,141
S18_3685,Speedster Bike,Classic Cars,141
S18_3782,Heritage Touring,Motorcycles,62
S18_3782,Turbo Racer,Motorcycles,62
S18_3782,Speedster Bike,Motorcycles,62
S18_3782,Vintage Roadster,Motorcycles,62
S18_3782,Classic Cruiser,Motorcycles,62
S18_3782,Retro Chopper,Motorcycles,62
S18_3782,Off-Road Adventurer,Motorcycles,62
S18_3782,Street King,Motorcycles,62
S18_3856,Speedster Bike,Vintage Cars,105
S18_3856,Off-Road Adventurer,Vintage Cars,105
S18_3856,Heritage Touring,Vintage Cars,105
S18_3856,Turbo Racer,Vintage Cars,105
S18_3856,Vintage Roadster,Vintage Cars,105
S18_3856,Street King,Vintage Cars,105
S18_3856,Retro Chopper,Vintage Cars,105
S18_3856,Classic Cruiser,Vintage Cars,105
S18_4027,Classic Cruiser,Classic Cars,143
S18_4027,Turbo Racer,Classic Cars,143
S18_4027,Heritage Touring,Classic Cars,143
S18_4027,Retro Chopper,Classic Cars,143
S18_4027,Off-Road Adventurer,Classic Cars,143
S18_4027,Speedster Bike,Classic Cars,143
S18_4027,Street King,Classic Cars,143
S18_4027,Vintage Roadster,Classic Cars,143
S18_4409,Heritage Touring,Vintage Cars,92
S18_4409,Street King,Vintage Cars,92
S18_4409,Turbo Racer,Vintage Cars,92
S18_4409,Retro Chopper,Vintage Cars,92
S18_4409,Vintage Roadster,Vintage Cars,92
S18_4409,Classic Cruiser,Vintage Cars,92
S18_4409,Off-Road Adventurer,Vintage Cars,92
S18_4409,Speedster Bike,Vintage Cars,92
S18_4522,Vintage Roadster,Vintage Cars,87
S18_4522,Turbo Racer,Vintage Cars,87
S18_4522,Street King,Vintage Cars,87
S18_4522,Classic Cruiser,Vintage Cars,87
S18_4522,Off-Road Adventurer,Vintage Cars,87
S18_4522,Heritage Touring,Vintage Cars,87
S18_4522,Retro Chopper,Vintage Cars,87
S18_4522,Speedster Bike,Vintage Cars,87
S18_4600,Speedster Bike,Trucks and Buses,121
S18_4600,Off-Road Adventurer,Trucks and Buses,121
S18_4600,Heritage Touring,Trucks and Buses,121
S18_4600,Turbo Racer,Trucks and Buses,121
S18_4600,Street King,Trucks and Buses,121
S18_4600,Classic Cruiser,Trucks and Buses,121
S18_4668,Street King,Vintage Cars,50
S18_4668,Turbo Racer,Vintage Cars,50
S18_4668,Heritage Touring,Vintage Cars,50
S18_4668,Speedster Bike,Vintage Cars,50
S18_4668,Retro Chopper,Vintage Cars,50
S18_4668,Vintage Roadster,Vintage Cars,50
S18_4668,Off-Road Adventurer,Vintage Cars,50
S18_4721,Classic Cruiser,Classic Cars,148
S18_4721,Heritage Touring,Classic Cars,148
S18_4721,Vintage Roadster,Classic Cars,148
S18_4721,Speedster Bike,Classic Cars,148
S18_4721,Street King,Classic Cars,148
S18_4721,Retro Chopper,Classic Cars,148
S18_4721,Off-Road Adventurer,Classic Cars,148
S18_4933,Street King,Classic Cars,71
S18_4933,Speedster Bike,Classic Cars,71
S18_4933,Off-Road Adventurer,Classic Cars,71
S18_4933,Heritage Touring,Classic Cars,71
S18_4933,Classic Cruiser,Classic Cars,71
S18_4933,Retro Chopper,Classic Cars,71
S18_4933,Vintage Roadster,Classic Cars,71
S18_4933,Turbo Racer,Classic Cars,71
S24_1046,Turbo Racer,Classic Cars,73
S24_1046,Heritage Touring,Classic Cars,73
S24_1046,Classic Cruiser,Classic Cars,73
S24_1046,Vintage Roadster,Classic Cars,73
S24_1046,Retro Chopper,Classic Cars,73
S24_1046,Speedster Bike,Classic Cars,73
S24_1046,Off-Road Adventurer,Classic Cars,73
S24_1046,Street King,Classic Cars,73
S24_1444,Classic Cruiser,Classic Cars,57
S24_1444,Turbo Racer,Classic Cars,57
S24_1444,Vintage Roadster,Classic Cars,57
S24_1444,Street King,Classic Cars,57
S24_1444,Off-Road Adventurer,Classic Cars,57
S24_1444,Retro Chopper,Classic Cars,57
S24_1444,Heritage Touring,Classic Cars,57
S24_1444,Speedster Bike,Classic Cars,57
S24_1578,Classic Cruiser,Motorcycles,112
S24_1578,Heritage Touring,Motorcycles,112
S24_1578,Speedster Bike,Motorcycles,112
S24_1578,Retro Chopper,Motorcycles,112
S24_1578,Off-Road Adventurer,Motorcycles,112
S24_1578,Turbo Racer,Motorcycles,112
S24_1578,Vintage Roadster,Motorcycles,112
S24_1578,Street King,Motorcycles,112
S24_1628,Turbo Racer,Classic Cars,50
S24_1628,Vintage Roadster,Classic Cars,50
S24_1628,Heritage Touring,Classic Cars,50
S24_1628,Retro Chopper,Classic Cars,50
S24_1628,Street King,Classic Cars,50
S24_1628,Classic Cruiser,Classic Cars,50
S24_1628,Speedster Bike,Classic Cars,50
S24_1628,Off-Road Adventurer,Classic Cars,50
S24_1785,Street King,Planes,109
S24_1785,Retro Chopper,Planes,109
S24_1785,Heritage Touring,Planes,109
S24_1785,Speedster Bike,Planes,109
S24_1785,Classic Cruiser,Planes,109
S24_1785,Turbo Racer,Planes,109
S24_1785,Off-Road Adventurer,Planes,109
S24_1785,Vintage Roadster,Planes,109
S24_1937,Street King,Vintage Cars,33
S24_1937,Turbo Racer,Vintage Cars,33
S24_1937,Heritage Touring,Vintage Cars,33
S24_1937,Classic Cruiser,Vintage Cars,33
S24_1937,Vintage Roadster,Vintage Cars,33
S24_1937,Speedster Bike,Vintage Cars,33
S24_1937,Off-Road Adventurer,Vintage Cars,33
S24_1937,Retro Chopper,Vintage Cars,33
S24_2000,Retro Chopper,Motorcycles,76
S24_2000,Speedster Bike,Motorcycles,76
S24_2000,Classic Cruiser,Motorcycles,76
S24_2000,Off-Road Adventurer,Motorcycles,76
S24_2000,Turbo Racer,Motorcycles,76
S24_2000,Vintage Roadster,Motorcycles,76
S24_2000,Heritage Touring,Motorcycles,76
S24_2000,Street King,Motorcycles,76
S24_2011,Speedster Bike,Ships,122
S24_2011,Turbo Racer,Ships,122
S24_2011,Street King,Ships,122
S24_2011,Vintage Roadster,Ships,122
S24_2011,Off-Road Adventurer,Ships,122
S24_2011,Classic Cruiser,Ships,122
S24_2011,Heritage Touring,Ships,122
S24_2011,Retro Chopper,Ships,122
S24_2022,Off-Road Adventurer,Vintage Cars,44
S24_2022,Turbo Racer,Vintage Cars,44
S24_2022,Retro Chopper,Vintage Cars,44
S24_2022,Classic Cruiser,Vintage Cars,44
S24_2022,Vintage Roadster,Vintage Cars,44
S24_2022,Street King,Vintage Cars,44
S24_2022,Speedster Bike,Vintage Cars,44
S24_2022,Heritage Touring,Vintage Cars,44
S24_2300,Heritage Touring,Trucks and Buses,127
S24_2300,Vintage Roadster,Trucks and Buses,127
S24_2300,Retro Chopper,Trucks and Buses,127
S24_2300,Speedster Bike,Trucks and Buses,127
S24_2300,Off-Road Adventurer,Trucks and Buses,127
S24_2300,Classic Cruiser,Trucks and Buses,127
S24_2300,Street King,Trucks and Buses,127
S24_2300,Turbo Racer,Trucks and Buses,127
S24_2360,Heritage Touring,Motorcycles,69
S24_2360,Classic Cruiser,Motorcycles,69
S24_2360,Vintage Roadster,Motorcycles,69
S24_2360,Street King,Motorcycles,69
S24_2360,Speedster Bike,Motorcycles,69
S24_2360,Turbo Racer,Motorcycles,69
S24_2360,Retro Chopper,Motorcycles,69
S24_2360,Off-Road Adventurer,Motorcycles,69
S24_2766,Off-Road Adventurer,Classic Cars,90
S24_2766,Turbo Racer,Classic Cars,90
S24_2766,Vintage Roadster,Classic Cars,90
S24_2766,Retro Chopper,Classic Cars,90
S24_2766,Speedster Bike,Classic Cars,90
S24_2766,Street King,Classic Cars,90
S24_2766,Classic Cruiser,Classic Cars,90
S24_2840,Street King,Classic Cars,35
S24_2840,Retro Chopper,Classic Cars,35
S24_2840,Heritage Touring,Classic Cars,35
S24_2840,Classic Cruiser,Classic Cars,35
S24_2840,Turbo Racer,Classic Cars,35
S24_2840,Off-Road Adventurer,Classic Cars,35
S24_2840,Vintage Roadster,Classic Cars,35
S24_2840,Speedster Bike,Classic Cars,35
S24_2841,Off-Road Adventurer,Planes,68
S24_2841,Heritage Touring,Planes,68
S24_2841,Turbo Racer,Planes,68
S24_2841,Vintage Roadster,Planes,68
S24_2841,Classic Cruiser,Planes,68
S24_2841,Street King,Planes,68
S24_2841,Retro Chopper,Planes,68
S24_2841,Speedster Bike,Planes,68
S24_2887,Retro Chopper,Classic Cars,117
S24_2887,Off-Road Adventurer,Classic Cars,117
S24_2887,Heritage Touring,Classic Cars,117
S24_2887,Turbo Racer,Classic Cars,117
S24_2887,Vintage Roadster,Classic Cars,117
S24_2887,Classic Cruiser,Classic Cars,117
S24_2887,Street King,Classic Cars,117
S24_2972,Heritage Touring,Classic Cars,37
S24_2972,Turbo Racer,Classic Cars,37
S24_2972,Street King,Classic Cars,37
S24_2972,Vintage Roadster,Classic Cars,37
S24_2972,Speedster Bike,Classic Cars,37
S24_2972,Retro Chopper,Classic Cars,37
S24_2972,Off-Road Adventurer,Classic Cars,37
S24_3151,Heritage Touring,Vintage Cars,88
S24_3151,Speedster Bike,Vintage Cars,88
S24_3151,Off-Road Adventurer,Vintage Cars,88
S24_3151,Retro Chopper,Vintage Cars,88
S24_3151,Classic Cruiser,Vintage Cars,88
S24_3151,Turbo Racer,Vintage Cars,88
S24_3151,Street King,Vintage Cars,88
S24_3151,Vintage Roadster,Vintage Cars,88
S24_3191,Turbo Racer,Classic Cars,85
S24_3191,Street King,Classic Cars,85
S24_3191,Speedster Bike,Classic Cars,85
S24_3191,Vintage Roadster,Classic Cars,85
S24_3191,Off-Road Adventurer,Classic Cars,85
S24_3191,Classic Cruiser,Classic Cars,85
S24_3191,Retro Chopper,Classic Cars,85
S24_3371,Retro Chopper,Classic Cars,61
S24_3371,Classic Cruiser,Classic Cars,61
S24_3371,Speedster Bike,Classic Cars,61
S24_3371,Turbo Racer,Classic Cars,61
S24_3371,Vintage Roadster,Classic Cars,61
S24_3371,Heritage Touring,Classic Cars,61
S24_3371,Street King,Classic Cars,61
S24_3420,Vintage Roadster,Vintage Cars,65
S24_3420,Classic Cruiser,Vintage Cars,65
S24_3420,Retro Chopper,Vintage Cars,65
S24_3420,Speedster Bike,Vintage Cars,65
S24_3420,Off-Road Adventurer,Vintage Cars,65
S24_3420,Heritage Touring,Vintage Cars,65
S24_3420,Street King,Vintage Cars,65
S24_3420,Turbo Racer,Vintage Cars,65
S24_3432,Off-Road Adventurer,Classic Cars,107
S24_3432,Street King,Classic Cars,107
S24_3432,Classic Cruiser,Classic Cars,107
S24_3432,Speedster Bike,Classic Cars,107
S24_3432,Retro Chopper,Classic Cars,107
S24_3432,Heritage Touring,Classic Cars,107
S24_3432,Vintage Roadster,Classic Cars,107
S24_3432,Turbo Racer,Classic Cars,107
S24_3816,Turbo Racer,Vintage Cars,83
S24_3816,Retro Chopper,Vintage Cars,83
S24_3816,Speedster Bike,Vintage Cars,83
S24_3816,Vintage Roadster,Vintage Cars,83
S24_3816,Classic Cruiser,Vintage Cars,83
S24_3816,Heritage Touring,Vintage Cars,83
S24_3816,Off-Road Adventurer,Vintage Cars,83
S24_3816,Street King,Vintage Cars,83
S24_3856,Speedster Bike,Classic Cars,140
S24_3856,Off-Road Adventurer,Classic Cars,140
S24_3856,Classic Cruiser,Classic Cars,140
S24_3856,Street King,Classic Cars,140
S24_3856,Retro Chopper,Classic Cars,140
S24_3856,Vintage Roadster,Classic Cars,140
S24_3856,Turbo Racer,Classic Cars,140
S24_3949,Turbo Racer,Planes,68
S24_3949,Heritage Touring,Planes,68
S24_3949,Street King,Planes,68
S24_3949,Vintage Roadster,Planes,68
S24_3949,Off-Road Adventurer,Planes,68
S24_3949,Speedster Bike,Planes,68
S24_3949,Classic Cruiser,Planes,68
S24_3949,Retro Chopper,Planes,68
S24_3969,Turbo Racer,Vintage Cars,41
S24_3969,Classic Cruiser,Vintage Cars,41
S24_3969,Heritage Touring,Vintage Cars,41
S24_3969,Retro Chopper,Vintage Cars,41
S24_3969,Off-Road Adventurer,Vintage Cars,41
S24_3969,Vintage Roadster,Vintage Cars,41
S24_3969,Speedster Bike,Vintage Cars,41
S24_3969,Street King,Vintage Cars,41
S24_4048,Street King,Classic Cars,118
S24_4048,Speedster Bike,Classic Cars,118
S24_4048,Heritage Touring,Classic Cars,118
S24_4048,Vintage Roadster,Classic Cars,118
S24_4048,Turbo Racer,Classic Cars,118
S24_4048,Retro Chopper,Classic Cars,118
S24_4048,Classic Cruiser,Classic Cars,118
S24_4048,Off-Road Adventurer,Classic Cars,118
S24_4258,Heritage Touring,Vintage Cars,97
S24_4258,Turbo Racer,Vintage Cars,97
S24_4258,Speedster Bike,Vintage Cars,97
S24_4258,Retro Chopper,Vintage Cars,97
S24_4258,Vintage Roadster,Vintage Cars,97
S24_4258,Classic Cruiser,Vintage Cars,97
S24_4258,Off-Road Adventurer,Vintage Cars,97
S24_4258,Street King,Vintage Cars,97
S24_4278,Vintage Roadster,Planes,72
S24_4278,Speedster Bike,Planes,72
S24_4278,Retro Chopper,Planes,72
S24_4278,Heritage Touring,Planes,72
S24_4278,Street King,Planes,72
S24_4278,Turbo Racer,Planes,72
S24_4278,Off-Road Adventurer,Planes,72
S24_4278,Classic Cruiser,Planes,72
S24_4620,Classic Cruiser,Classic Cars,80
S24_4620,Vintage Roadster,Classic Cars,80
S24_4620,Speedster Bike,Classic Cars,80
S24_4620,Off-Road Adventurer,Classic Cars,80
S24_4620,Heritage Touring,Classic Cars,80
S24_4620,Street King,Classic Cars,80
S24_4620,Turbo Racer,Classic Cars,80
S32_1268,Speedster Bike,Trucks and Buses,96
S32_1268,Turbo Racer,Trucks and Buses,96
S32_1268,Retro Chopper,Trucks and Buses,96
S32_1268,Off-Road Adventurer,Trucks and Buses,96
S32_1268,Vintage Roadster,Trucks and Buses,96
S32_1268,Classic Cruiser,Trucks and Buses,96
S32_1268,Heritage Touring,Trucks and Buses,96
S32_1374,Turbo Racer,Motorcycles,99
S32_1374,Vintage Roadster,Motorcycles,99
S32_1374,Retro Chopper,Motorcycles,99
S32_1374,Heritage Touring,Motorcycles,99
S32_1374,Street King,Motorcycles,99
S32_1374,Off-Road Adventurer,Motorcycles,99
S32_1374,Classic Cruiser,Motorcycles,99
S32_1374,Speedster Bike,Motorcycles,99
S32_2206,Vintage Roadster,Motorcycles,40
S32_2206,Retro Chopper,Motorcycles,40
S32_2206,Street King,Motorcycles,40
S32_2206,Off-Road Adventurer,Motorcycles,40
S32_2206,Heritage Touring,Motorcycles,40
S32_2206,Speedster Bike,Motorcycles,40
S32_2206,Turbo Racer,Motorcycles,40
S32_2206,Classic Cruiser,Motorcycles,40
S32_2509,Classic Cruiser,Trucks and Buses,54
S32_2509,Street King,Trucks and Buses,54
S32_2509,Off-Road Adventurer,Trucks and Buses,54
S32_2509,Heritage Touring,Trucks and Buses,54
S32_2509,Speedster Bike,Trucks and Buses,54
S32_2509,Vintage Roadster,Trucks and Buses,54
S32_2509,Turbo Racer,Trucks and Buses,54
S32_2509,Retro Chopper,Trucks and Buses,54
S32_3207,Retro Chopper,Trains,62
S32_3207,Speedster Bike,Trains,62
S32_3207,Turbo Racer,Trains,62
S32_3207,Heritage Touring,Trains,62
S32_3207,Classic Cruiser,Trains,62
S32_3207,Off-Road Adventurer,Trains,62
S32_3207,Street King,Trains,62
S32_3207,Vintage Roadster,Trains,62
S32_3522,Speedster Bike,Trucks and Buses,64
S32_3522,Turbo Racer,Trucks and Buses,64
S32_3522,Classic Cruiser,Trucks and Buses,64
S32_3522,Retro Chopper,Trucks and Buses,64
S32_3522,Street King,Trucks and Buses,64
S32_3522,Vintage Roadster,Trucks and Buses,64
S32_3522,Heritage Touring,Trucks and Buses,64
S32_3522,Off-Road Adventurer,Trucks and Buses,64
S32_4289,Retro Chopper,Vintage Cars,68
S32_4289,Off-Road Adventurer,Vintage Cars,68
S32_4289,Speedster Bike,Vintage Cars,68
S32_4289,Street King,Vintage Cars,68
S32_4289,Vintage Roadster,Vintage Cars,68
S32_4289,Classic Cruiser,Vintage Cars,68
S32_4289,Turbo Racer,Vintage Cars,68
S32_4289,Heritage Touring,Vintage Cars,68
S32_4485,Turbo Racer,Motorcycles,102
S32_4485,Retro Chopper,Motorcycles,102
S32_4485,Vintage Roadster,Motorcycles,102
S32_4485,Off-Road Adventurer,Motorcycles,102
S32_4485,Classic Cruiser,Motorcycles,102
S32_4485,Speedster Bike,Motorcycles,102
S32_4485,Heritage Touring,Motorcycles,102
S50_1341,Speedster Bike,Vintage Cars,43
S50_1341,Street King,Vintage Cars,43
S50_1341,Turbo Racer,Vintage Cars,43
S50_1341,Retro Chopper,Vintage Cars,43
S50_1341,Classic Cruiser,Vintage Cars,43
S50_1341,Off-Road Adventurer,Vintage Cars,43
S50_1341,Heritage Touring,Vintage Cars,43
S50_1341,Vintage Roadster,Vintage Cars,43
S50_1392,Speedster Bike,Trucks and Buses,115
S50_1392,Heritage Touring,Trucks and Buses,115
S50_1392,Off-Road Adventurer,Trucks and Buses,115
S50_1392,Retro Chopper,Trucks and Buses,115
S50_1392,Classic Cruiser,Trucks and Buses,115
S50_1392,Turbo Racer,Trucks and Buses,115
S50_1392,Vintage Roadster,Trucks and Buses,115
S50_1392,Street King,Trucks and Buses,115
S50_1514,Turbo Racer,Trains,58
S50_1514,Street King,Trains,58
S50_1514,Heritage Touring,Trains,58
S50_1514,Vintage Roadster,Trains,58
S50_1514,Off-Road Adventurer,Trains,58
S50_1514,Classic Cruiser,Trains,58
S50_1514,Speedster Bike,Trains,58
S50_1514,Retro Chopper,Trains,58
S50_4713,Vintage Roadster,Motorcycles,81
S50_4713,Off-Road Adventurer,Motorcycles,81
S50_4713,Heritage Touring,Motorcycles,81
S50_4713,Street King,Motorcycles,81
S50_4713,Turbo Racer,Motorcycles,81
S50_4713,Classic Cruiser,Motorcycles,81
S50_4713,Retro Chopper,Motorcycles,81
S50_4713,Speedster Bike,Motorcycles,81
S700_1138,Speedster Bike,Ships,66
S700_1138,Turbo Racer,Ships,66
S700_1138,Vintage Roadster,Ships,66
S700_1138,Retro Chopper,Ships,66
S700_1138,Off-Road Adventurer,Ships,66
S700_1138,Classic Cruiser,Ships,66
S700_1138,Heritage Touring,Ships,66
S700_1138,Street King,Ships,66
S700_1691,Off-Road Adventurer,Planes,91
S700_1691,Turbo Racer,Planes,91
S700_1691,Retro Chopper,Planes,91
S700_1691,Street King,Planes,91
S700_1691,Classic Cruiser,Planes,91
S700_1691,Speedster Bike,Planes,91
S700_1691,Vintage Roadster,Planes,91
S700_1691,Heritage Touring,Planes,91
S700_1938,Retro Chopper,Ships,86
S700_1938,Turbo Racer,Ships,86
S700_1938,Off-Road Adventurer,Ships,86
S700_1938,Classic Cruiser,Ships,86
S700_1938,Speedster Bike,Ships,86
S700_1938,Vintage Roadster,Ships,86
S700_1938,Heritage Touring,Ships,86
S700_1938,Street King,Ships,86
S700_2047,Heritage Touring,Ships,90
S700_2047,Off-Road Adventurer,Ships,90
S700_2047,Speedster Bike,Ships,90
S700_2047,Street King,Ships,90
S700_2047,Retro Chopper,Ships,90
S700_2047,Classic Cruiser,Ships,90
S700_2047,Vintage Roadster,Ships,90
S700_2047,Turbo Racer,Ships,90
S700_2466,Heritage Touring,Planes,99
S700_2466,Speedster Bike,Planes,99
S700_2466,Off-Road Adventurer,Planes,99
S700_2466,Classic Cruiser,Planes,99
S700_2466,Retro Chopper,Planes,99
S700_2466,Street King,Planes,99
S700_2466,Vintage Roadster,Planes,99
S700_2610,Retro Chopper,Ships,72
S700_2610,Turbo Racer,Ships,72
S700_2610,Classic Cruiser,Ships,72
S700_2610,Street King,Ships,72
S700_2610,Off-Road Adventurer,Ships,72
S700_2610,Speedster Bike,Ships,72
S700_2824,Turbo Racer,Classic Cars,101
S700_2824,Classic Cruiser,Classic Cars,101
S700_2824,Speedster Bike,Classic Cars,101
S700_2824,Off-Road Adventurer,Classic Cars,101
S700_2824,Street King,Classic Cars,101
S700_2824,Heritage Touring,Classic Cars,101
S700_2824,Vintage Roadster,Classic Cars,101
S700_2824,Retro Chopper,Classic Cars,101
S700_2834,Street King,Planes,118
S700_2834,Speedster Bike,Planes,118
S700_2834,Vintage Roadster,Planes,118
S700_2834,Classic Cruiser,Planes,118
S700_2834,Retro Chopper,Planes,118
S700_2834,Heritage Touring,Planes,118
S700_2834,Off-Road Adventurer,Planes,118
S700_2834,Turbo Racer,Planes,118
S700_3167,Off-Road Adventurer,Planes,80
S700_3167,Street King,Planes,80
S700_3167,Turbo Racer,Planes,80
S700_3167,Retro Chopper,Planes,80
S700_3167,Heritage Touring,Planes,80
S700_3167,Classic Cruiser,Planes,80
S700_3167,Vintage Roadster,Planes,80
S700_3167,Speedster Bike,Planes,80
S700_3505,Street King,Ships,100
S700_3505,Heritage Touring,Ships,100
S700_3505,Speedster Bike,Ships,100
S700_3505,Classic Cruiser,Ships,100
S700_3505,Retro Chopper,Ships,100
S700_3505,Off-Road Adventurer,Ships,100
S700_3505,Turbo Racer,Ships,100
S700_3505,Vintage Roadster,Ships,100
S700_3962,Classic Cruiser,Ships,99
S700_3962,Heritage Touring,Ships,99
S700_3962,Speedster Bike,Ships,99
S700_3962,Vintage Roadster,Ships,99
S700_3962,Turbo Racer,Ships,99
S700_3962,Retro Chopper,Ships,99
S700_3962,Off-Road Adventurer,Ships,99
S700_3962,Street King,Ships,99
S700_4002,Speedster Bike,Planes,74
S700_4002,Turbo Racer,Planes,74
S700_4002,Classic Cruiser,Planes,74
S700_4002,Vintage Roadster,Planes,74
S700_4002,Street King,Planes,74
S700_4002,Heritage Touring,Planes,74
S700_4002,Retro Chopper,Planes,74
S700_4002,Off-Road Adventurer,Planes,74
S72_1253,Off-Road Adventurer,Planes,49
S72_1253,Turbo Racer,Planes,49
S72_1253,Heritage Touring,Planes,49
S72_1253,Street King,Planes,49
S72_1253,Speedster Bike,Planes,49
S72_1253,Classic Cruiser,Planes,49
S72_1253,Retro Chopper,Planes,49
S72_1253,Vintage Roadster,Planes,49
S72_3212,Turbo Racer,Ships,54
S72_3212,Speedster Bike,Ships,54
S72_3212,Street King,Ships,54
S72_3212,Vintage Roadster,Ships,54
S72_3212,Classic Cruiser,Ships,54
S72_3212,Off-Road Adventurer,Ships,54
S72_3212,Heritage Touring,Ships,54
S72_3212,Retro Chopper,Ships,54
